{
    "model_1": {
        "model_name": "Model 1 (Baseline)",
        "true_negatives": 823,
        "false_positives": 212,
        "false_negatives": 75,
        "true_positives": 299,
        "accuracy": 0.7963094393186657,
        "recall": 0.7994652406417112,
        "precision": 0.5851272015655578,
        "f1_score": 0.6757062146892655,
        "specificity": 0.7951690821256039,
        "total_customers": 1409,
        "total_churners": 374,
        "total_retained": 1035,
        "churn_rate": 0.2654364797728886,
        "clv": 1554.2400000000002,
        "retention_cost": 70.0,
        "avg_monthly_charge": 64.76,
        "customer_lifetime_months": 24,
        "churners_caught": 299,
        "churners_missed": 75,
        "offers_sent": 511,
        "revenue_saved": 464717.76000000007,
        "revenue_lost": 116568.00000000001,
        "campaign_cost": 35770.0,
        "net_benefit": 428947.76000000007,
        "roi": 1199.1830025160752,
        "cost_per_customer_saved": 119.63210702341136,
        "revenue_per_dollar_spent": 12.991830025160752,
        "assumptions": {
            "clv_calculation": "64.76 per month \u00d7 24 months",
            "retention_cost_source": "Industry standard for telecom retention campaigns",
            "success_rate": "100% (assumes all caught churners accept offer)",
            "data_source": "Test set predictions from trained model"
        }
    },
    "model_2": {
        "model_name": "Model 2 (Dropout)",
        "true_negatives": 823,
        "false_positives": 212,
        "false_negatives": 68,
        "true_positives": 306,
        "accuracy": 0.801277501774308,
        "recall": 0.8181818181818182,
        "precision": 0.5907335907335908,
        "f1_score": 0.6860986547085202,
        "specificity": 0.7951690821256039,
        "total_customers": 1409,
        "total_churners": 374,
        "total_retained": 1035,
        "churn_rate": 0.2654364797728886,
        "clv": 1554.2400000000002,
        "retention_cost": 70.0,
        "avg_monthly_charge": 64.76,
        "customer_lifetime_months": 24,
        "churners_caught": 306,
        "churners_missed": 68,
        "offers_sent": 518,
        "revenue_saved": 475597.44000000006,
        "revenue_lost": 105688.32000000002,
        "campaign_cost": 36260.0,
        "net_benefit": 439337.44000000006,
        "roi": 1211.6311086596802,
        "cost_per_customer_saved": 118.49673202614379,
        "revenue_per_dollar_spent": 13.116311086596802,
        "assumptions": {
            "clv_calculation": "64.76 per month \u00d7 24 months",
            "retention_cost_source": "Industry standard for telecom retention campaigns",
            "success_rate": "100% (assumes all caught churners accept offer)",
            "data_source": "Test set predictions from trained model"
        }
    },
    "model_3": {
        "model_name": "Model 3 (BatchNorm)",
        "true_negatives": 842,
        "false_positives": 193,
        "false_negatives": 88,
        "true_positives": 286,
        "accuracy": 0.8005677785663591,
        "recall": 0.7647058823529411,
        "precision": 0.5970772442588727,
        "f1_score": 0.6705744431418523,
        "specificity": 0.8135265700483092,
        "total_customers": 1409,
        "total_churners": 374,
        "total_retained": 1035,
        "churn_rate": 0.2654364797728886,
        "clv": 1554.2400000000002,
        "retention_cost": 70.0,
        "avg_monthly_charge": 64.76,
        "customer_lifetime_months": 24,
        "churners_caught": 286,
        "churners_missed": 88,
        "offers_sent": 479,
        "revenue_saved": 444512.6400000001,
        "revenue_lost": 136773.12000000002,
        "campaign_cost": 33530.0,
        "net_benefit": 410982.6400000001,
        "roi": 1225.7161944527293,
        "cost_per_customer_saved": 117.23776223776224,
        "revenue_per_dollar_spent": 13.257161944527292,
        "assumptions": {
            "clv_calculation": "64.76 per month \u00d7 24 months",
            "retention_cost_source": "Industry standard for telecom retention campaigns",
            "success_rate": "100% (assumes all caught churners accept offer)",
            "data_source": "Test set predictions from trained model"
        }
    },
    "selected_model": "Model 2 (Dropout)",
    "selection_criteria": "highest_recall",
    "timestamp": "2025-12-04T09:23:04.766375",
    "data_source": "Test set predictions",
    "test_set_size": 1409,
    "random_seed": 42
}